ReferenceBenchmark,ApplyToBenchmark,Energy,Time,Success
BT,BT.C,7972831956,38.055659,True,
BT,BT.C,8063951106,38.51751,True,
BT,BT.C,8041585704,38.013223,True,
BT,CG.C,3094868595,15.098894,True,
BT,CG.C,3059124071,14.870528,True,
BT,CG.C,3074170369,15.014141,True,
BT,EP.D,24792278042,131.372593,True,
BT,EP.D,24821364741,131.420895,True,
BT,EP.D,24801594799,131.378435,True,
BT,FT.C,2647453518,11.322139,True,
BT,FT.C,2626528404,11.167015,True,
BT,FT.C,2646066294,11.327069,True,
BT,IS.D,6851487240,40.560351,True,
BT,IS.D,6838640317,40.715921,True,
BT,IS.D,6814782722,40.519813,True,
BT,MG.D,19246675236,84.346325,True,
BT,MG.D,19323774241,84.389465,True,
BT,MG.D,19330395339,84.381059,True,
BT,UA.C,7595674991,37.628941,True,
BT,UA.C,7610081821,37.745219,True,
BT,UA.C,7663709177,38.032819,True,
BT,backprop,4229686276,41.870508,True,
BT,backprop,4248553743,42.255031,True,
BT,backprop,4379106521,42.52561,True,
BT,botsalgn,5962634005,32.996011,True,
BT,botsalgn,5987974962,32.981313,True,
BT,botsalgn,6000989824,32.990124,True,
BT,botsspar,8196059338,55.722433,True,
BT,botsspar,8205895196,55.724543,True,
BT,botsspar,8161708633,55.543488,True,
BT,bwaves,6011022303,45.359135,True,
BT,bwaves,6015410433,45.337028,True,
BT,bwaves,6016255644,45.390927,True,
BT,fma3d,5716196025,42.194133,True,
BT,fma3d,5691023270,42.055037,True,
BT,fma3d,5632335886,41.477579,True,
BT,hotspot,15047984300,80.73859,True,
BT,hotspot,15302200403,82.073824,True,
BT,hotspot,15608335558,84.082412,True,
BT,imagick,7148032027,39.356523,True,
BT,imagick,7179118231,39.108473,True,
BT,imagick,7181159196,39.102695,True,
BT,kdtree,6422391409,46.959925,True,
BT,kdtree,6403851569,46.678876,True,
BT,kdtree,6400876267,46.836443,True,
BT,kmeans,3733234095,27.188076,True,
BT,kmeans,3837670397,27.417437,True,
BT,kmeans,3621221317,26.361152,True,
BT,lbm,431219,0.005828,False,
BT,lbm,143779,0.001964,False,
BT,lbm,144909,0.002014,False,
BT,nab,4346862432,25.297553,True,
BT,nab,4318564171,24.885141,True,
BT,nab,4329951867,24.884273,True,
BT,smithwa,7804119821,40.061595,True,
BT,smithwa,7817585205,40.044501,True,
BT,smithwa,7824770530,40.056413,True,
BT,swim,9054373575,41.583584,True,
BT,swim,9044945326,41.591653,True,
BT,swim,9125830335,42.267767,True,
CG,BT.C,9196486564,44.853211,True,
CG,BT.C,9035924986,44.034364,True,
CG,BT.C,9006175252,43.916022,True,
CG,CG.C,2960162950,14.273829,True,
CG,CG.C,2973836415,14.35097,True,
CG,CG.C,2970554898,14.325933,True,
CG,EP.D,23746608050,125.203096,True,
CG,EP.D,23751443455,125.244571,True,
CG,EP.D,23767580246,125.260793,True,
CG,FT.C,2467809780,10.789393,True,
CG,FT.C,2471424114,10.794752,True,
CG,FT.C,2474294207,10.861019,True,
CG,IS.D,6781235164,40.066786,True,
CG,IS.D,6761900195,40.047625,True,
CG,IS.D,6754515176,40.047665,True,
CG,MG.D,18838183015,84.16302,True,
CG,MG.D,18913347600,84.138559,True,
CG,MG.D,18868287884,84.085778,True,
CG,UA.C,7378014115,36.698954,True,
CG,UA.C,7356250541,36.510948,True,
CG,UA.C,7390032351,36.768869,True,
CG,backprop,4205725794,42.189377,True,
CG,backprop,4270887170,42.479698,True,
CG,backprop,4293841507,42.241605,True,
CG,botsalgn,5259785737,29.281091,True,
CG,botsalgn,5284554534,29.260117,True,
CG,botsalgn,5296307037,29.268921,True,
CG,botsspar,8242724774,56.130217,True,
CG,botsspar,8174261974,55.730186,True,
CG,botsspar,8222839143,55.976167,True,
CG,bwaves,6012147510,45.36758,True,
CG,bwaves,5974114684,45.275168,True,
CG,bwaves,5971254507,45.269183,True,
CG,fma3d,5928750009,44.624546,True,
CG,fma3d,5740380391,43.69462,True,
CG,fma3d,5719395317,43.479957,True,
CG,hotspot,8946487885,47.634269,True,
CG,hotspot,8932612823,47.244229,True,
CG,hotspot,8927931018,47.163583,True,
CG,imagick,6408693661,34.77871,True,
CG,imagick,6441293615,34.752955,True,
CG,imagick,6449073610,34.745806,True,
CG,kdtree,6094479424,44.326191,True,
CG,kdtree,6131206243,45.1068,True,
CG,kdtree,6131733725,45.026732,True,
CG,kmeans,4139361314,29.6573,True,
CG,kmeans,4126793027,29.623474,True,
CG,kmeans,4152950668,29.335937,True,
CG,lbm,151918,0.002317,False,
CG,lbm,137341,0.002219,False,
CG,lbm,138346,0.001954,False,
CG,nab,4315297453,25.005414,True,
CG,nab,4344197110,25.059223,True,
CG,nab,4336091011,25.049545,True,
CG,smithwa,6587868855,34.132846,True,
CG,smithwa,6579404569,33.854478,True,
CG,smithwa,6563504939,33.868473,True,
CG,swim,8863855711,41.221287,True,
CG,swim,8865206055,41.405855,True,
CG,swim,8854718626,41.321003,True,
EP,BT.C,9017469098,44.072293,True,
EP,BT.C,9142147707,44.991496,True,
EP,BT.C,9054829615,44.235566,True,
EP,CG.C,2971236026,14.396802,True,
EP,CG.C,2998264459,14.571041,True,
EP,CG.C,2961271446,14.323104,True,
EP,EP.D,23701076839,125.244212,True,
EP,EP.D,23925696330,127.563043,True,
EP,EP.D,23724716047,125.187074,True,
EP,FT.C,2449351747,10.734396,True,
EP,FT.C,2449113350,10.651098,True,
EP,FT.C,2444637201,10.644958,True,
EP,IS.D,6768087496,40.02752,True,
EP,IS.D,6751991205,40.046998,True,
EP,IS.D,6782526276,40.409992,True,
EP,MG.D,18819677046,84.164808,True,
EP,MG.D,18882368749,84.059858,True,
EP,MG.D,18869080598,84.004158,True,
EP,UA.C,7409199153,37.052469,True,
EP,UA.C,7413540744,36.894003,True,
EP,UA.C,7393077348,36.744961,True,
EP,backprop,4301319676,42.541273,True,
EP,backprop,4264021424,42.566953,True,
EP,backprop,4304669247,43.3005,True,
EP,botsalgn,5254684718,29.275412,True,
EP,botsalgn,5283431851,29.26052,True,
EP,botsalgn,5285601465,29.320643,True,
EP,botsspar,8214584514,56.016665,True,
EP,botsspar,8187965699,55.848579,True,
EP,botsspar,8224800339,56.124382,True,
EP,bwaves,5993446404,45.275914,True,
EP,bwaves,5982765466,45.325276,True,
EP,bwaves,5981065523,45.38137,True,
EP,fma3d,5781081367,43.886483,True,
EP,fma3d,5674448649,43.148198,True,
EP,fma3d,5822478133,44.203415,True,
EP,hotspot,8921380115,47.27904,True,
EP,hotspot,8940850664,47.262708,True,
EP,hotspot,8990817550,47.643552,True,
EP,imagick,6415793869,34.789976,True,
EP,imagick,6449310886,34.750786,True,
EP,imagick,6451561732,34.774328,True,
EP,kdtree,6167409059,45.20818,True,
EP,kdtree,6123144299,44.966843,True,
EP,kdtree,6158901326,45.354779,True,
EP,kmeans,4128239782,29.576375,True,
EP,kmeans,4113536179,29.548508,True,
EP,kmeans,4121313103,29.586229,True,
EP,lbm,186827,0.002236,False,
EP,lbm,139933,0.002149,False,
EP,lbm,144329,0.002163,False,
EP,nab,4324185996,25.093175,True,
EP,nab,4336264806,25.030954,True,
EP,nab,4336542430,25.03556,True,
EP,smithwa,6562076868,33.862443,True,
EP,smithwa,6570252620,33.84413,True,
EP,smithwa,6591142655,34.052098,True,
EP,swim,8936631584,41.672456,True,
EP,swim,8866978152,41.291192,True,
EP,swim,8925217780,41.776538,True,
FT,BT.C,9089328228,45.069879,True,
FT,BT.C,9016451423,43.99078,True,
FT,BT.C,9170318623,44.888491,True,
FT,CG.C,2985244455,14.422055,True,
FT,CG.C,3003189719,14.583468,True,
FT,CG.C,3007855887,14.725782,True,
FT,EP.D,23688275025,125.32728,True,
FT,EP.D,23730004530,125.174793,True,
FT,EP.D,23712099656,125.2865,True,
FT,FT.C,2457750474,10.80294,True,
FT,FT.C,2476172915,10.871009,True,
FT,FT.C,2476733805,10.886592,True,
FT,IS.D,6770964870,40.074939,True,
FT,IS.D,6744754923,40.006218,True,
FT,IS.D,6735355748,40.001415,True,
FT,MG.D,18826713957,84.204055,True,
FT,MG.D,18878820167,84.135832,True,
FT,MG.D,18879238080,84.12813,True,
FT,UA.C,7371498036,36.610847,True,
FT,UA.C,7389553518,36.794785,True,
FT,UA.C,7403464293,36.904097,True,
FT,backprop,4287114252,42.468176,True,
FT,backprop,4320647594,42.665896,True,
FT,backprop,4325109748,43.355396,True,
FT,botsalgn,5251885287,29.280845,True,
FT,botsalgn,5284498395,29.260853,True,
FT,botsalgn,5278247930,29.232921,True,
FT,botsspar,8259326053,56.41215,True,
FT,botsspar,8172662627,55.786598,True,
FT,botsspar,8172085577,55.72524,True,
FT,bwaves,6016120005,45.378368,True,
FT,bwaves,5972008836,45.261877,True,
FT,bwaves,5965355052,45.255703,True,
FT,fma3d,5813905647,43.833813,True,
FT,fma3d,5758696722,43.680654,True,
FT,fma3d,5771165848,43.835108,True,
FT,hotspot,9075046524,48.303658,True,
FT,hotspot,8933633495,47.152861,True,
FT,hotspot,8955388734,47.345151,True,
FT,imagick,6412766251,34.791688,True,
FT,imagick,6459863275,34.768279,True,
FT,imagick,6447063247,34.755767,True,
FT,kdtree,6124223146,44.825808,True,
FT,kdtree,6103949025,44.482995,True,
FT,kdtree,6121819550,44.932806,True,
FT,kmeans,4148693086,29.632116,True,
FT,kmeans,4123106370,29.621764,True,
FT,kmeans,4078988084,29.294597,True,
FT,lbm,154145,0.002241,False,
FT,lbm,147137,0.001897,False,
FT,lbm,152446,0.001893,False,
FT,nab,4314802917,24.994824,True,
FT,nab,4335062181,25.025634,True,
FT,nab,4327965065,25.006698,True,
FT,smithwa,6559607172,33.844693,True,
FT,smithwa,6576616571,33.841176,True,
FT,smithwa,6564312873,33.892386,True,
FT,swim,8931423303,42.060445,True,
FT,swim,8879578571,41.438331,True,
FT,swim,8892367952,41.733942,True,
IS,BT.C,8808152279,42.148094,True,
IS,BT.C,8919462248,42.713916,True,
IS,BT.C,8932658748,43.047876,True,
IS,CG.C,3026559162,14.720233,True,
IS,CG.C,3013881580,14.605009,True,
IS,CG.C,3049050991,14.878386,True,
IS,EP.D,23896533490,125.730515,True,
IS,EP.D,23863263701,125.743636,True,
IS,EP.D,23890533716,125.731032,True,
IS,FT.C,2622741524,11.258315,True,
IS,FT.C,2609350705,11.083714,True,
IS,FT.C,2617929435,11.125218,True,
IS,IS.D,6558420809,38.547849,True,
IS,IS.D,6538472104,38.533885,True,
IS,IS.D,6527459822,38.53341,True,
IS,MG.D,19244678492,84.381883,True,
IS,MG.D,19300145636,84.480238,True,
IS,MG.D,19310267841,84.279884,True,
IS,UA.C,7806932422,38.605826,True,
IS,UA.C,7714326144,38.013928,True,
IS,UA.C,7645136564,37.570418,True,
IS,backprop,4326539115,42.627581,True,
IS,backprop,4196866208,42.064612,True,
IS,backprop,4256051733,42.469613,True,
IS,botsalgn,5371122488,30.173711,True,
IS,botsalgn,5405964582,30.170718,True,
IS,botsalgn,5399655566,30.135365,True,
IS,botsspar,8268173607,56.322009,True,
IS,botsspar,8194017075,55.825146,True,
IS,botsspar,8225981343,56.003361,True,
IS,bwaves,6004846757,45.316586,True,
IS,bwaves,5998636760,45.299963,True,
IS,bwaves,5985078052,45.269313,True,
IS,fma3d,5909684496,44.117456,True,
IS,fma3d,5809136145,43.59902,True,
IS,fma3d,5867050899,44.070066,True,
IS,hotspot,15330655275,82.09211,True,
IS,hotspot,14592267753,76.903784,True,
IS,hotspot,14666663227,77.428329,True,
IS,imagick,6566847164,34.24854,True,
IS,imagick,6624329066,34.258773,True,
IS,imagick,6632808671,34.265163,True,
IS,kdtree,6337975310,45.66499,True,
IS,kdtree,6337641688,46.221203,True,
IS,kdtree,6332790666,46.060969,True,
IS,kmeans,4165725806,29.73012,True,
IS,kmeans,4143511531,29.813696,True,
IS,kmeans,4175826740,29.852207,True,
IS,lbm,148418,0.002327,False,
IS,lbm,146984,0.001937,False,
IS,lbm,143017,0.001903,False,
IS,nab,3772945172,21.814881,True,
IS,nab,3795778990,21.844723,True,
IS,nab,3803311576,21.839763,True,
IS,smithwa,10884225637,56.261639,True,
IS,smithwa,10935854867,56.507554,True,
IS,smithwa,10902374270,56.297424,True,
IS,swim,9106123240,41.755525,True,
IS,swim,9095847706,41.663592,True,
IS,swim,9138811039,41.933534,True,
MG,BT.C,8999247674,44.022767,True,
MG,BT.C,8990505889,43.84929,True,
MG,BT.C,9034333846,44.129902,True,
MG,CG.C,2958338264,14.300589,True,
MG,CG.C,2982605896,14.456721,True,
MG,CG.C,2968739409,14.382003,True,
MG,EP.D,23750829395,125.212627,True,
MG,EP.D,23728468211,125.523346,True,
MG,EP.D,23743732054,125.266169,True,
MG,FT.C,2458998562,10.78536,True,
MG,FT.C,2463696442,10.764485,True,
MG,FT.C,2460432838,10.746052,True,
MG,IS.D,6768968771,40.02119,True,
MG,IS.D,6750094273,40.050266,True,
MG,IS.D,6790398312,40.510039,True,
MG,MG.D,18821270651,84.125739,True,
MG,MG.D,18863970022,84.130469,True,
MG,MG.D,18868223376,84.010107,True,
MG,UA.C,7389856783,36.906928,True,
MG,UA.C,7346340712,36.504643,True,
MG,UA.C,7383561629,36.733791,True,
MG,backprop,4347349310,43.390344,True,
MG,backprop,4235305741,42.266483,True,
MG,backprop,4262279199,42.930334,True,
MG,botsalgn,5250163218,29.269552,True,
MG,botsalgn,5288948349,29.268148,True,
MG,botsalgn,5285826468,29.295494,True,
MG,botsspar,8097588999,55.16271,True,
MG,botsspar,8193305149,55.89924,True,
MG,botsspar,8157527070,55.644467,True,
MG,bwaves,6000771252,45.331874,True,
MG,bwaves,5982300403,45.30569,True,
MG,bwaves,5962964771,45.255615,True,
MG,fma3d,5935713418,44.64692,True,
MG,fma3d,5790072206,44.04107,True,
MG,fma3d,5740601474,43.690099,True,
MG,hotspot,8905606058,47.133096,True,
MG,hotspot,8918004324,47.044693,True,
MG,hotspot,8959029580,47.368021,True,
MG,imagick,6412102618,34.776716,True,
MG,imagick,6448320938,34.750147,True,
MG,imagick,6453442855,34.746453,True,
MG,kdtree,6171958770,45.339062,True,
MG,kdtree,6159549056,45.696061,True,
MG,kdtree,6142049662,44.9422,True,
MG,kmeans,4061255706,28.946255,True,
MG,kmeans,4115749436,29.286468,True,
MG,kmeans,4166072914,29.848079,True,
MG,lbm,140363,0.002447,False,
MG,lbm,135418,0.002015,False,
MG,lbm,143536,0.001944,False,
MG,nab,4320736135,25.0282,True,
MG,nab,4335170180,24.998626,True,
MG,nab,4332923411,24.999921,True,
MG,smithwa,6562925547,33.864589,True,
MG,smithwa,6585878224,33.860554,True,
MG,smithwa,6598877012,34.195079,True,
MG,swim,8854121289,41.110685,True,
MG,swim,8830678788,41.140912,True,
MG,swim,8839387939,41.19305,True,
UA,BT.C,8809770267,42.351042,True,
UA,BT.C,8801945402,42.347372,True,
UA,BT.C,8726150000,41.657833,True,
UA,CG.C,3001375624,14.50823,True,
UA,CG.C,3020409683,14.625042,True,
UA,CG.C,3043739579,14.91853,True,
UA,EP.D,24243301740,128.135415,True,
UA,EP.D,24201890788,127.669996,True,
UA,EP.D,24254454011,127.918841,True,
UA,FT.C,2633927647,11.182882,True,
UA,FT.C,2633787540,11.181928,True,
UA,FT.C,2625837812,11.121072,True,
UA,IS.D,6660246232,39.259945,True,
UA,IS.D,6646803818,39.32085,True,
UA,IS.D,6632768392,39.26085,True,
UA,MG.D,19492887463,84.724332,True,
UA,MG.D,19536460484,84.785901,True,
UA,MG.D,19567753635,84.840209,True,
UA,UA.C,7718363855,37.973447,True,
UA,UA.C,7862961691,38.758506,True,
UA,UA.C,7791385215,38.50198,True,
UA,backprop,4280797916,42.256773,True,
UA,backprop,4258324445,42.666627,True,
UA,backprop,4222730092,42.060866,True,
UA,botsalgn,5594935319,30.976483,True,
UA,botsalgn,5627931724,30.969943,True,
UA,botsalgn,5625385516,31.00326,True,
UA,botsspar,8203366316,55.890237,True,
UA,botsspar,8160395650,55.53955,True,
UA,botsspar,8354287962,56.961417,True,
UA,bwaves,6002768158,45.240673,True,
UA,bwaves,5986916502,45.263041,True,
UA,bwaves,5975718972,45.255564,True,
UA,fma3d,5779115242,43.622232,True,
UA,fma3d,5728754388,42.965926,True,
UA,fma3d,5764820564,43.255041,True,
UA,hotspot,14674325294,76.503724,True,
UA,hotspot,14966190217,78.464064,True,
UA,hotspot,15033748559,78.860552,True,
UA,imagick,6544234634,34.275172,True,
UA,imagick,6602729416,34.29177,True,
UA,imagick,6609986066,34.281742,True,
UA,kdtree,6411501764,46.581837,True,
UA,kdtree,6364837859,46.248441,True,
UA,kdtree,6403298677,46.869021,True,
UA,kmeans,4263443272,30.586054,True,
UA,kmeans,4189560859,30.051299,True,
UA,kmeans,4223548040,30.404616,True,
UA,lbm,182862,0.002393,False,
UA,lbm,207539,0.002406,False,
UA,lbm,142376,0.001953,False,
UA,nab,3760177825,21.669025,True,
UA,nab,3774279190,21.629484,True,
UA,nab,3784348335,21.618526,True,
UA,smithwa,12222749198,64.047813,True,
UA,smithwa,12251257602,64.067432,True,
UA,smithwa,12221783298,64.064493,True,
UA,swim,9157650691,42.215974,True,
UA,swim,9108592740,41.742965,True,
UA,swim,9110927686,41.663437,True,
backprop,BT.C,9028369484,43.491474,True,
backprop,BT.C,8965469882,43.196189,True,
backprop,BT.C,8896242906,42.66136,True,
backprop,CG.C,3013654651,14.719389,True,
backprop,CG.C,3017961446,14.699772,True,
backprop,CG.C,3022829291,14.747411,True,
backprop,EP.D,24229769205,127.783407,True,
backprop,EP.D,24137292086,127.713562,True,
backprop,EP.D,24230168603,127.975116,True,
backprop,FT.C,2622427940,11.195915,True,
backprop,FT.C,2626324368,11.213314,True,
backprop,FT.C,2623095470,11.148651,True,
backprop,IS.D,6673441896,39.343612,True,
backprop,IS.D,6640285588,39.320621,True,
backprop,IS.D,6630871532,39.321945,True,
backprop,MG.D,19289800772,84.424782,True,
backprop,MG.D,19409130269,85.292174,True,
backprop,MG.D,19326879596,84.2399,True,
backprop,UA.C,7626728995,37.768309,True,
backprop,UA.C,7615432248,37.610757,True,
backprop,UA.C,7619583089,37.596714,True,
backprop,backprop,4284602965,41.602946,True,
backprop,backprop,4250621261,41.756778,True,
backprop,backprop,4184068753,41.467218,True,
backprop,botsalgn,5517540509,30.391631,True,
backprop,botsalgn,5538877621,30.401279,True,
backprop,botsalgn,5540621814,30.373651,True,
backprop,botsspar,8265645343,56.281277,True,
backprop,botsspar,8244868027,56.29638,True,
backprop,botsspar,8255061487,56.217977,True,
backprop,bwaves,6009752683,45.305945,True,
backprop,bwaves,5997658726,45.226866,True,
backprop,bwaves,5969357461,45.224427,True,
backprop,fma3d,5838349376,43.831129,True,
backprop,fma3d,5767954688,43.378336,True,
backprop,fma3d,5788644590,43.618177,True,
backprop,hotspot,14730297490,78.050522,True,
backprop,hotspot,14823148383,78.433076,True,
backprop,hotspot,14935091165,79.359055,True,
backprop,imagick,6558886837,34.289288,True,
backprop,imagick,6610828732,34.267556,True,
backprop,imagick,6625901417,34.295632,True,
backprop,kdtree,6389024373,46.676458,True,
backprop,kdtree,6355969354,46.009799,True,
backprop,kdtree,6404579888,47.137088,True,
backprop,kmeans,4385958443,31.429026,True,
backprop,kmeans,4310529039,30.840317,True,
backprop,kmeans,4313600727,31.009491,True,
backprop,lbm,177246,0.002445,False,
backprop,lbm,156493,0.002128,False,
backprop,lbm,147227,0.001961,False,
backprop,nab,3827741304,22.044342,True,
backprop,nab,3848447550,22.074987,True,
backprop,nab,3904289355,22.533284,True,
backprop,smithwa,12518549147,64.527161,True,
backprop,smithwa,12551164580,64.539259,True,
backprop,smithwa,12539379815,64.530207,True,
backprop,swim,9090251268,41.711782,True,
backprop,swim,9130820306,42.127614,True,
backprop,swim,9120569340,41.827764,True,
botsalgn,BT.C,8889150308,41.978929,True,
botsalgn,BT.C,9106235214,43.151132,True,
botsalgn,BT.C,9031802860,42.778352,True,
botsalgn,CG.C,3043323871,14.759388,True,
botsalgn,CG.C,3073276086,14.960164,True,
botsalgn,CG.C,3060331695,14.896538,True,
botsalgn,EP.D,24665199789,130.86661,True,
botsalgn,EP.D,24574134409,131.290412,True,
botsalgn,EP.D,24663820718,131.202336,True,
botsalgn,FT.C,2618017278,11.11162,True,
botsalgn,FT.C,2624350249,11.190595,True,
botsalgn,FT.C,2603492716,11.000924,True,
botsalgn,IS.D,6790458087,40.138412,True,
botsalgn,IS.D,6759935396,40.141539,True,
botsalgn,IS.D,6754790287,40.163734,True,
botsalgn,MG.D,19872587747,84.435289,True,
botsalgn,MG.D,19946883738,84.816367,True,
botsalgn,MG.D,19919501322,84.37118,True,
botsalgn,UA.C,7766526538,38.513189,True,
botsalgn,UA.C,7768690564,38.552797,True,
botsalgn,UA.C,7785272420,38.600088,True,
botsalgn,backprop,4323744636,43.07348,True,
botsalgn,backprop,4253702921,41.920608,True,
botsalgn,backprop,4259277533,42.482819,True,
botsalgn,botsalgn,4831247822,27.435429,True,
botsalgn,botsalgn,4864198579,27.462072,True,
botsalgn,botsalgn,4866819028,27.456376,True,
botsalgn,botsspar,8103063195,55.249535,True,
botsalgn,botsspar,8224424481,56.148738,True,
botsalgn,botsspar,8222566164,56.067144,True,
botsalgn,bwaves,6048472666,45.387932,True,
botsalgn,bwaves,6027500183,45.414828,True,
botsalgn,bwaves,6013010211,45.382005,True,
botsalgn,fma3d,5872766020,43.980885,True,
botsalgn,fma3d,5849453507,43.845106,True,
botsalgn,fma3d,5953818149,44.552945,True,
botsalgn,hotspot,15514453608,83.178263,True,
botsalgn,hotspot,15389540366,82.175903,True,
botsalgn,hotspot,15329392877,81.775728,True,
botsalgn,imagick,7636504711,42.577542,True,
botsalgn,imagick,7678692767,42.590753,True,
botsalgn,imagick,7673567150,42.576315,True,
botsalgn,kdtree,6329897229,45.525216,True,
botsalgn,kdtree,6351758821,46.445778,True,
botsalgn,kdtree,6310595082,45.776399,True,
botsalgn,kmeans,3485096020,25.450557,True,
botsalgn,kmeans,3391841578,25.021315,True,
botsalgn,kmeans,3417264448,24.861116,True,
botsalgn,lbm,172986,0.002057,False,
botsalgn,lbm,175141,0.001946,False,
botsalgn,lbm,172130,0.001654,False,
botsalgn,nab,3943963031,22.731888,True,
botsalgn,nab,3970076808,22.800586,True,
botsalgn,nab,3952314691,22.71912,True,
botsalgn,smithwa,8183540879,43.345284,True,
botsalgn,smithwa,8205378493,43.379663,True,
botsalgn,smithwa,8200619557,43.332498,True,
botsalgn,swim,9209147999,41.941738,True,
botsalgn,swim,9196512559,41.78075,True,
botsalgn,swim,9191077399,41.627553,True,
botsspar,BT.C,14956403026,71.158542,True,
botsspar,BT.C,14968359882,71.028004,True,
botsspar,BT.C,14994985848,70.669208,True,
botsspar,CG.C,4533557994,20.245058,True,
botsspar,CG.C,4536863196,20.272737,True,
botsspar,CG.C,4516189181,20.175485,True,
botsspar,EP.D,27628839675,144.079805,True,
botsspar,EP.D,27664820225,144.083293,True,
botsspar,EP.D,27564991299,144.525074,True,
botsspar,FT.C,16158857409,81.795296,True,
botsspar,FT.C,16124082035,81.958436,True,
botsspar,FT.C,16152552537,81.770132,True,
botsspar,IS.D,7743000791,43.479972,True,
botsspar,IS.D,7715666221,43.481859,True,
botsspar,IS.D,7718980360,43.541573,True,
botsspar,MG.D,104212118466,513.902478,True,
botsspar,MG.D,104965209074,518.534237,True,
botsspar,MG.D,104368712389,514.019509,True,
botsspar,UA.C,13666988777,67.530383,True,
botsspar,UA.C,13613090943,67.136728,True,
botsspar,UA.C,13663063656,67.443753,True,
botsspar,backprop,4840304946,48.105779,True,
botsspar,backprop,4801427439,47.51738,True,
botsspar,backprop,4811357438,47.923035,True,
botsspar,botsalgn,36711123840,201.644533,True,
botsspar,botsalgn,36747674989,201.63581,True,
botsspar,botsalgn,36708220573,201.737396,True,
botsspar,botsspar,4297765571,22.5011,True,
botsspar,botsspar,4308736616,22.576226,True,
botsspar,botsspar,4303341379,22.52574,True,
botsspar,bwaves,8215631273,56.748027,True,
botsspar,bwaves,8205373929,56.783085,True,
botsspar,bwaves,8200517086,56.794852,True,
botsspar,fma3d,8739058642,70.957723,True,
botsspar,fma3d,8595584397,69.89553,True,
botsspar,fma3d,8605570535,70.110359,True,
botsspar,hotspot,75222037167,380.678858,True,
botsspar,hotspot,75176574857,380.377056,True,
botsspar,hotspot,75044476036,379.890057,True,
botsspar,imagick,11773398548,57.446152,True,
botsspar,imagick,11831222295,57.446112,True,
botsspar,imagick,11872019026,57.452025,True,
botsspar,kdtree,10647417788,74.771884,True,
botsspar,kdtree,10572126413,74.300602,True,
botsspar,kdtree,10683480936,75.89546,True,
botsspar,kmeans,4677061644,32.704948,True,
botsspar,kmeans,4500341614,31.897735,True,
botsspar,kmeans,4660901241,32.770599,True,
botsspar,lbm,206831,0.002133,False,
botsspar,lbm,85545,0.001681,False,
botsspar,lbm,170146,0.001716,False,
botsspar,nab,5049173194,28.259833,True,
botsspar,nab,5058985615,28.270462,True,
botsspar,nab,5069267063,28.274359,True,
botsspar,smithwa,19780056896,95.656771,True,
botsspar,smithwa,19813943645,95.445014,True,
botsspar,smithwa,19830001549,95.458639,True,
botsspar,swim,13869425257,60.297509,True,
botsspar,swim,13801271365,59.947134,True,
botsspar,swim,13796940879,60.020064,True,
bwaves,BT.C,9023488834,44.48035,True,
bwaves,BT.C,9102107926,44.849086,True,
bwaves,BT.C,9156690589,45.150498,True,
bwaves,CG.C,2994148376,14.526294,True,
bwaves,CG.C,2992960507,14.506947,True,
bwaves,CG.C,2980296035,14.431269,True,
bwaves,EP.D,23757469059,125.268533,True,
bwaves,EP.D,23710720161,125.234836,True,
bwaves,EP.D,23766618356,125.226313,True,
bwaves,FT.C,2482511201,10.916891,True,
bwaves,FT.C,2459238252,10.75297,True,
bwaves,FT.C,2456974507,10.701293,True,
bwaves,IS.D,6770258893,40.021291,True,
bwaves,IS.D,6750389851,40.017515,True,
bwaves,IS.D,6750170622,40.071865,True,
bwaves,MG.D,18814008101,84.1362,True,
bwaves,MG.D,18875424750,84.113796,True,
bwaves,MG.D,18861619723,84.052033,True,
bwaves,UA.C,7375150980,36.621923,True,
bwaves,UA.C,7435441628,37.131077,True,
bwaves,UA.C,7424574262,36.968098,True,
bwaves,backprop,4255206418,42.443107,True,
bwaves,backprop,4297279026,42.975287,True,
bwaves,backprop,4248851090,42.307333,True,
bwaves,botsalgn,5250535416,29.256505,True,
bwaves,botsalgn,5277839095,29.271938,True,
bwaves,botsalgn,5280172421,29.271128,True,
bwaves,botsspar,8096993481,55.161317,True,
bwaves,botsspar,8154664124,55.646142,True,
bwaves,botsspar,8113432539,55.278322,True,
bwaves,bwaves,5997835517,45.284511,True,
bwaves,bwaves,5970433199,45.250131,True,
bwaves,bwaves,5969116082,45.302737,True,
bwaves,fma3d,5842245190,44.147039,True,
bwaves,fma3d,5662513694,43.10412,True,
bwaves,fma3d,5781770510,43.706118,True,
bwaves,hotspot,8914120528,47.177778,True,
bwaves,hotspot,8954068843,47.487051,True,
bwaves,hotspot,8966168998,47.395141,True,
bwaves,imagick,6410065868,34.778302,True,
bwaves,imagick,6453818769,34.784328,True,
bwaves,imagick,6446455521,34.750556,True,
bwaves,kdtree,6207778782,45.818963,True,
bwaves,kdtree,6123356053,44.83596,True,
bwaves,kdtree,6133996886,44.761532,True,
bwaves,kmeans,4102103850,29.553346,True,
bwaves,kmeans,4128661114,29.584509,True,
bwaves,kmeans,4079303894,29.222565,True,
bwaves,lbm,183961,0.002318,False,
bwaves,lbm,95818,0.001801,False,
bwaves,lbm,141034,0.001834,False,
bwaves,nab,4324304276,25.058675,True,
bwaves,nab,4332984880,25.031051,True,
bwaves,nab,4328224528,24.998206,True,
bwaves,smithwa,6567908837,33.954354,True,
bwaves,smithwa,6578735327,33.870119,True,
bwaves,smithwa,6555750490,33.825445,True,
bwaves,swim,8915866087,41.637743,True,
bwaves,swim,8923143768,41.915249,True,
bwaves,swim,8877523667,41.487368,True,
fma3d,BT.C,8694519846,42.015552,True,
fma3d,BT.C,8663776627,41.644194,True,
fma3d,BT.C,8656841222,41.614648,True,
fma3d,CG.C,3118777300,15.355915,True,
fma3d,CG.C,3087925387,15.129176,True,
fma3d,CG.C,3103674596,15.236877,True,
fma3d,EP.D,24126586257,127.460431,True,
fma3d,EP.D,24148610398,127.434624,True,
fma3d,EP.D,24191976438,127.476644,True,
fma3d,FT.C,2624826468,11.226984,True,
fma3d,FT.C,2637961306,11.28601,True,
fma3d,FT.C,2638351554,11.285842,True,
fma3d,IS.D,6851882146,40.533671,True,
fma3d,IS.D,6829648119,40.545918,True,
fma3d,IS.D,6816327332,40.537886,True,
fma3d,MG.D,19257824617,84.369926,True,
fma3d,MG.D,19303660670,84.375236,True,
fma3d,MG.D,19340367076,84.754404,True,
fma3d,UA.C,7455660301,36.957014,True,
fma3d,UA.C,7515644031,37.244834,True,
fma3d,UA.C,7480040559,37.063963,True,
fma3d,backprop,4229540604,42.142985,True,
fma3d,backprop,4246758321,42.490032,True,
fma3d,backprop,4291559242,43.065947,True,
fma3d,botsalgn,5411260992,29.875423,True,
fma3d,botsalgn,5438372329,29.883183,True,
fma3d,botsalgn,5438877038,29.861186,True,
fma3d,botsspar,8205289259,56.146675,True,
fma3d,botsspar,8235313480,56.462053,True,
fma3d,botsspar,8160281913,55.861158,True,
fma3d,bwaves,6001765303,45.265082,True,
fma3d,bwaves,6000702022,45.286311,True,
fma3d,bwaves,6010745684,45.403778,True,
fma3d,fma3d,5726659424,41.990873,True,
fma3d,fma3d,5720045081,42.039915,True,
fma3d,fma3d,5656177352,41.667804,True,
fma3d,hotspot,14610730594,77.351847,True,
fma3d,hotspot,14671607433,77.497688,True,
fma3d,hotspot,14731531568,78.070044,True,
fma3d,imagick,6856122685,35.489069,True,
fma3d,imagick,6906465793,35.454226,True,
fma3d,imagick,6913079817,35.484464,True,
fma3d,kdtree,6388883544,46.607322,True,
fma3d,kdtree,6384413368,46.447059,True,
fma3d,kdtree,6333794340,46.11829,True,
fma3d,kmeans,3951724091,28.403723,True,
fma3d,kmeans,3991022041,28.522217,True,
fma3d,kmeans,4079748734,29.200084,True,
fma3d,lbm,140911,0.002215,False,
fma3d,lbm,144236,0.001892,False,
fma3d,lbm,139538,0.001875,False,
fma3d,nab,3954631327,22.241687,True,
fma3d,nab,3968498704,22.208501,True,
fma3d,nab,3977208796,22.240401,True,
fma3d,smithwa,12426158563,65.41773,True,
fma3d,smithwa,12432042003,65.221603,True,
fma3d,smithwa,12396001413,65.178349,True,
fma3d,swim,9029899155,41.475699,True,
fma3d,swim,9011013114,41.409155,True,
fma3d,swim,9022707737,41.42405,True,
hotspot,BT.C,9074211069,44.411888,True,
hotspot,BT.C,9108944719,44.901248,True,
hotspot,BT.C,9029884457,44.024493,True,
hotspot,CG.C,2990386515,14.531524,True,
hotspot,CG.C,2978321048,14.44068,True,
hotspot,CG.C,2970888005,14.370601,True,
hotspot,EP.D,23702925897,125.192715,True,
hotspot,EP.D,23723811885,125.324428,True,
hotspot,EP.D,23754092847,125.214959,True,
hotspot,FT.C,2466238313,10.804648,True,
hotspot,FT.C,2456465017,10.71802,True,
hotspot,FT.C,2469148479,10.825098,True,
hotspot,IS.D,6767803997,39.996963,True,
hotspot,IS.D,6788518248,40.386093,True,
hotspot,IS.D,6747583101,40.068062,True,
hotspot,MG.D,18817675555,84.055883,True,
hotspot,MG.D,18879008920,84.051209,True,
hotspot,MG.D,18877952254,84.301592,True,
hotspot,UA.C,7349376357,36.494927,True,
hotspot,UA.C,7342975508,36.417915,True,
hotspot,UA.C,7379884884,36.667175,True,
hotspot,backprop,4338323847,42.637997,True,
hotspot,backprop,4250821607,42.402582,True,
hotspot,backprop,4251639768,42.491621,True,
hotspot,botsalgn,5255542816,29.299807,True,
hotspot,botsalgn,5290826135,29.274276,True,
hotspot,botsalgn,5283303144,29.267101,True,
hotspot,botsspar,8182584580,55.764093,True,
hotspot,botsspar,8124153709,55.291732,True,
hotspot,botsspar,8259272025,56.336413,True,
hotspot,bwaves,5997595554,45.298919,True,
hotspot,bwaves,5989616598,45.298594,True,
hotspot,bwaves,5978984260,45.28471,True,
hotspot,fma3d,5837864902,44.244738,True,
hotspot,fma3d,5767345259,44.100857,True,
hotspot,fma3d,5673516459,43.162799,True,
hotspot,hotspot,8937804872,47.363963,True,
hotspot,hotspot,8949123695,47.439133,True,
hotspot,hotspot,8953170862,47.397574,True,
hotspot,imagick,6411585170,34.764752,True,
hotspot,imagick,6445788240,34.742615,True,
hotspot,imagick,6456668456,34.740911,True,
hotspot,kdtree,6125992107,44.968548,True,
hotspot,kdtree,6154372126,45.275813,True,
hotspot,kdtree,6117795465,44.654503,True,
hotspot,kmeans,4090489282,28.934839,True,
hotspot,kmeans,4121265121,29.607128,True,
hotspot,kmeans,4136190408,29.632818,True,
hotspot,lbm,142619,0.001957,False,
hotspot,lbm,138226,0.001903,False,
hotspot,lbm,142589,0.001777,False,
hotspot,nab,4307770450,25.000383,True,
hotspot,nab,4334111446,25.030218,True,
hotspot,nab,4342062474,25.022754,True,
hotspot,smithwa,6573573826,33.89337,True,
hotspot,smithwa,6601608690,34.123814,True,
hotspot,smithwa,6583653151,33.836502,True,
hotspot,swim,8877822004,41.377079,True,
hotspot,swim,8918453748,41.579717,True,
hotspot,swim,8841762151,41.219383,True,
imagick,BT.C,8635406294,41.183005,True,
imagick,BT.C,8687529893,41.286262,True,
imagick,BT.C,8657949942,41.247016,True,
imagick,CG.C,3079806486,15.24754,True,
imagick,CG.C,3013619619,14.661967,True,
imagick,CG.C,3032479030,14.818032,True,
imagick,EP.D,24448272308,128.859294,True,
imagick,EP.D,24476539157,129.046592,True,
imagick,EP.D,24502540073,129.052722,True,
imagick,FT.C,2600403399,11.018097,True,
imagick,FT.C,2616366218,11.096334,True,
imagick,FT.C,2608228351,11.047936,True,
imagick,IS.D,6655840541,39.277863,True,
imagick,IS.D,6627860438,39.264858,True,
imagick,IS.D,6615474260,39.287114,True,
imagick,MG.D,19265644387,84.43949,True,
imagick,MG.D,19308691816,84.380436,True,
imagick,MG.D,19342833060,84.510229,True,
imagick,UA.C,7709233812,37.980773,True,
imagick,UA.C,7738382999,38.180755,True,
imagick,UA.C,7700564877,37.846547,True,
imagick,backprop,4245011577,41.756227,True,
imagick,backprop,4238317662,42.43498,True,
imagick,backprop,4195739403,42.077374,True,
imagick,botsalgn,5689170736,31.528357,True,
imagick,botsalgn,5715795809,31.491406,True,
imagick,botsalgn,5717443034,31.52726,True,
imagick,botsspar,8187834892,55.792021,True,
imagick,botsspar,8162119239,55.639153,True,
imagick,botsspar,8212578540,55.935594,True,
imagick,bwaves,6030574068,45.317666,True,
imagick,bwaves,6012515073,45.256847,True,
imagick,bwaves,5998836936,45.344904,True,
imagick,fma3d,5855237410,43.98366,True,
imagick,fma3d,5824332203,43.408251,True,
imagick,fma3d,5830807549,43.913389,True,
imagick,hotspot,14543939802,76.659743,True,
imagick,hotspot,14588788427,76.933952,True,
imagick,hotspot,14878626569,78.780425,True,
imagick,imagick,6441615418,34.297223,True,
imagick,imagick,6500653211,34.279781,True,
imagick,imagick,6512688709,34.293531,True,
imagick,kdtree,6475462548,47.396943,True,
imagick,kdtree,6367693632,46.626918,True,
imagick,kdtree,6420578840,47.106786,True,
imagick,kmeans,4034111802,28.965387,True,
imagick,kmeans,4010396717,28.794383,True,
imagick,kmeans,4004339034,28.734466,True,
imagick,lbm,177092,0.002429,False,
imagick,lbm,122277,0.001824,False,
imagick,lbm,104760,0.001745,False,
imagick,nab,3797808343,22.05492,True,
imagick,nab,3782906923,21.732192,True,
imagick,nab,3787029159,21.666794,True,
imagick,smithwa,10210646416,55.807854,True,
imagick,smithwa,10253007582,56.041404,True,
imagick,smithwa,10254026454,56.038172,True,
imagick,swim,9098452334,41.629602,True,
imagick,swim,9129175965,42.138906,True,
imagick,swim,9072043146,41.645752,True,
kdtree,BT.C,8554849350,41.280134,True,
kdtree,BT.C,8684424368,41.552068,True,
kdtree,BT.C,8555596667,40.75672,True,
kdtree,CG.C,3026537444,14.742061,True,
kdtree,CG.C,3041100718,14.822083,True,
kdtree,CG.C,3013516380,14.63755,True,
kdtree,EP.D,24391806604,128.330522,True,
kdtree,EP.D,24368906881,128.148434,True,
kdtree,EP.D,24430753504,128.728788,True,
kdtree,FT.C,2611982927,11.056092,True,
kdtree,FT.C,2606637745,11.034854,True,
kdtree,FT.C,2610637095,11.070559,True,
kdtree,IS.D,6684524591,39.390217,True,
kdtree,IS.D,6651515181,39.410848,True,
kdtree,IS.D,6649508792,39.359275,True,
kdtree,MG.D,19485312308,85.298992,True,
kdtree,MG.D,19561825000,85.619528,True,
kdtree,MG.D,19516054163,84.589016,True,
kdtree,UA.C,7590157395,37.737022,True,
kdtree,UA.C,7592968017,37.761706,True,
kdtree,UA.C,7583018710,37.664145,True,
kdtree,backprop,4413414952,43.382493,True,
kdtree,backprop,4384637445,44.220151,True,
kdtree,backprop,4320063581,43.550497,True,
kdtree,botsalgn,5750843007,31.325242,True,
kdtree,botsalgn,5777272401,31.288954,True,
kdtree,botsalgn,5785667889,31.335985,True,
kdtree,botsspar,8300453775,56.644653,True,
kdtree,botsspar,8303673884,56.562668,True,
kdtree,botsspar,8229896298,56.248118,True,
kdtree,bwaves,5998845549,45.253224,True,
kdtree,bwaves,5992590077,45.268696,True,
kdtree,bwaves,5973764740,45.167071,True,
kdtree,fma3d,5932627373,44.352107,True,
kdtree,fma3d,5781915799,43.383833,True,
kdtree,fma3d,5836513770,43.86467,True,
kdtree,hotspot,15226992802,80.455705,True,
kdtree,hotspot,14937067140,78.36979,True,
kdtree,hotspot,14721214725,76.919432,True,
kdtree,imagick,7273796155,36.993192,True,
kdtree,imagick,7330117239,36.970942,True,
kdtree,imagick,7349502227,36.983626,True,
kdtree,kdtree,6143904611,44.545786,True,
kdtree,kdtree,6139923150,45.117142,True,
kdtree,kdtree,6148646976,45.175986,True,
kdtree,kmeans,4782069631,33.953837,True,
kdtree,kmeans,4635174905,33.064287,True,
kdtree,kmeans,4735210978,33.685618,True,
kdtree,lbm,145336,0.002151,False,
kdtree,lbm,145843,0.001968,False,
kdtree,lbm,141550,0.001989,False,
kdtree,nab,3894236333,22.401495,True,
kdtree,nab,3918244391,22.427868,True,
kdtree,nab,3924081611,22.435744,True,
kdtree,smithwa,10636859019,54.378633,True,
kdtree,smithwa,10631919091,54.189268,True,
kdtree,smithwa,10629843034,54.153417,True,
kdtree,swim,9065611861,41.627406,True,
kdtree,swim,9040359659,41.594849,True,
kdtree,swim,9041054273,41.579023,True,
kmeans,BT.C,9134099197,44.124876,True,
kmeans,BT.C,9193872418,44.154132,True,
kmeans,BT.C,9188487763,43.916223,True,
kmeans,CG.C,3062339002,14.995709,True,
kmeans,CG.C,3029577135,14.70902,True,
kmeans,CG.C,3046635470,14.831747,True,
kmeans,EP.D,24493386764,129.235021,True,
kmeans,EP.D,24565025248,129.370625,True,
kmeans,EP.D,24521005077,129.07499,True,
kmeans,FT.C,2689007769,11.513443,True,
kmeans,FT.C,2685699120,11.489484,True,
kmeans,FT.C,2696002915,11.543621,True,
kmeans,IS.D,6879390494,40.645889,True,
kmeans,IS.D,6863614331,40.673508,True,
kmeans,IS.D,6851643679,40.606704,True,
kmeans,MG.D,20635516722,86.293781,True,
kmeans,MG.D,20931860891,89.33966,True,
kmeans,MG.D,20679198401,85.890528,True,
kmeans,UA.C,7834403147,38.884935,True,
kmeans,UA.C,7860730101,38.958797,True,
kmeans,UA.C,7821728885,38.793916,True,
kmeans,backprop,4293641503,42.014137,True,
kmeans,backprop,4242386354,42.403595,True,
kmeans,backprop,4274645363,42.968369,True,
kmeans,botsalgn,6778846653,36.561678,True,
kmeans,botsalgn,6815123743,36.560881,True,
kmeans,botsalgn,6809984153,36.52288,True,
kmeans,botsspar,8153195674,55.293539,True,
kmeans,botsspar,8235285134,55.960336,True,
kmeans,botsspar,8143357781,55.328312,True,
kmeans,bwaves,6175583342,45.928817,True,
kmeans,bwaves,6113125944,45.826141,True,
kmeans,bwaves,6109937847,45.73041,True,
kmeans,fma3d,5835936845,42.773807,True,
kmeans,fma3d,5757654785,42.374159,True,
kmeans,fma3d,5708835801,42.179991,True,
kmeans,hotspot,15268527291,80.370566,True,
kmeans,hotspot,16003566038,84.749228,True,
kmeans,hotspot,15468887962,81.502514,True,
kmeans,imagick,7384532184,40.021836,True,
kmeans,imagick,7425290989,40.027646,True,
kmeans,imagick,7430067824,40.018898,True,
kmeans,kdtree,6731294180,49.065371,True,
kmeans,kdtree,6737073718,49.030502,True,
kmeans,kdtree,6687698010,48.939296,True,
kmeans,kmeans,2755760827,20.94601,True,
kmeans,kmeans,2703622352,20.7012,True,
kmeans,kmeans,2698437566,20.849591,True,
kmeans,lbm,140179,0.00224,False,
kmeans,lbm,142591,0.001958,False,
kmeans,lbm,140118,0.00202,False,
kmeans,nab,3839889182,22.04032,True,
kmeans,nab,3856237169,22.032767,True,
kmeans,nab,3860742354,22.05112,True,
kmeans,smithwa,10887047902,58.009863,True,
kmeans,smithwa,10885824880,58.009169,True,
kmeans,smithwa,10893338708,58.020367,True,
kmeans,swim,9334466539,42.348022,True,
kmeans,swim,9278518105,42.005472,True,
kmeans,swim,9277091177,41.996962,True,
lbm,BT.C,9016144253,43.985717,True,
lbm,BT.C,9102412838,44.275535,True,
lbm,BT.C,9088819011,44.674867,True,
lbm,CG.C,2950067231,14.169,True,
lbm,CG.C,2969498763,14.330412,True,
lbm,CG.C,3008179213,14.576613,True,
lbm,EP.D,23793414884,125.22624,True,
lbm,EP.D,23760638189,125.065594,True,
lbm,EP.D,23778581516,125.261431,True,
lbm,FT.C,2457850754,10.676677,True,
lbm,FT.C,2478960111,10.853518,True,
lbm,FT.C,2466176557,10.747429,True,
lbm,IS.D,6778953729,40.043398,True,
lbm,IS.D,6763061776,40.057578,True,
lbm,IS.D,6754928160,40.026502,True,
lbm,MG.D,18826543230,84.054086,True,
lbm,MG.D,18908357767,84.050746,True,
lbm,MG.D,18877341852,84.078606,True,
lbm,UA.C,7381021509,36.65636,True,
lbm,UA.C,7482914860,37.253375,True,
lbm,UA.C,7385571163,36.634302,True,
lbm,backprop,4343358502,42.914686,True,
lbm,backprop,4293490947,42.70819,True,
lbm,backprop,4242047554,42.38422,True,
lbm,botsalgn,5260734605,29.255767,True,
lbm,botsalgn,5288762732,29.283218,True,
lbm,botsalgn,5300622379,29.262285,True,
lbm,botsspar,8302805508,56.512897,True,
lbm,botsspar,8172667543,55.574933,True,
lbm,botsspar,8166455171,55.545645,True,
lbm,bwaves,6003841967,45.284933,True,
lbm,bwaves,5976533913,45.251754,True,
lbm,bwaves,5986691498,45.236607,True,
lbm,fma3d,5810669224,43.99755,True,
lbm,fma3d,5667642513,43.258099,True,
lbm,fma3d,5718792731,43.546634,True,
lbm,hotspot,8885603081,47.065017,True,
lbm,hotspot,8966565761,47.283654,True,
lbm,hotspot,8956517202,47.206662,True,
lbm,imagick,6419414366,34.89372,True,
lbm,imagick,6456414386,34.774473,True,
lbm,imagick,6466337034,34.778407,True,
lbm,kdtree,6167929117,45.175529,True,
lbm,kdtree,6159219819,45.127843,True,
lbm,kdtree,6103219603,44.569676,True,
lbm,kmeans,4126715211,29.588564,True,
lbm,kmeans,4140163265,29.574626,True,
lbm,kmeans,4136314631,29.470245,True,
lbm,lbm,211812,0.002412,False,
lbm,lbm,136732,0.002032,False,
lbm,lbm,157360,0.001866,False,
lbm,nab,4322162847,25.013561,True,
lbm,nab,4332126545,25.013008,True,
lbm,nab,4344393135,25.070726,True,
lbm,smithwa,6571100969,33.838372,True,
lbm,smithwa,6573839551,33.828034,True,
lbm,smithwa,6591435063,33.862059,True,
lbm,swim,8877235809,41.190377,True,
lbm,swim,8846428022,41.135571,True,
lbm,swim,8877372578,41.473011,True,
nab,BT.C,8338056377,40.261879,True,
nab,BT.C,8383322204,39.900894,True,
nab,BT.C,8375594725,40.398065,True,
nab,CG.C,3062736549,14.866033,True,
nab,CG.C,3070506383,14.894078,True,
nab,CG.C,3045590532,14.736012,True,
nab,EP.D,24148907190,127.139806,True,
nab,EP.D,24135427201,127.141643,True,
nab,EP.D,24113372830,126.981496,True,
nab,FT.C,2624898354,11.148807,True,
nab,FT.C,2624292771,11.071788,True,
nab,FT.C,2626952004,11.197601,True,
nab,IS.D,6699700291,39.557923,True,
nab,IS.D,6633454185,39.203065,True,
nab,IS.D,6634259443,39.275092,True,
nab,MG.D,18934016157,84.160374,True,
nab,MG.D,19009319975,84.087353,True,
nab,MG.D,19012186502,84.71642,True,
nab,UA.C,7509887815,37.206409,True,
nab,UA.C,7485766832,36.985932,True,
nab,UA.C,7542164730,37.297707,True,
nab,backprop,4342459886,42.169111,True,
nab,backprop,4340575522,43.134708,True,
nab,backprop,4238123545,41.905818,True,
nab,botsalgn,5303606316,29.648048,True,
nab,botsalgn,5329790053,29.70505,True,
nab,botsalgn,5352478360,29.693253,True,
nab,botsspar,8236783300,56.113144,True,
nab,botsspar,8265376387,56.305334,True,
nab,botsspar,8222735028,56.025124,True,
nab,bwaves,6009628747,45.282318,True,
nab,bwaves,5991065525,45.282782,True,
nab,bwaves,5987621386,45.239207,True,
nab,fma3d,5866747328,44.025251,True,
nab,fma3d,5804358819,43.472817,True,
nab,fma3d,5795015123,43.749559,True,
nab,hotspot,14672166796,77.545154,True,
nab,hotspot,14898126058,78.716186,True,
nab,hotspot,14427612788,75.556021,True,
nab,imagick,6406700950,34.304549,True,
nab,imagick,6461252835,34.282093,True,
nab,imagick,6488309925,34.287206,True,
nab,kdtree,6396886067,46.45423,True,
nab,kdtree,6302515006,45.546599,True,
nab,kdtree,6348996586,46.228625,True,
nab,kmeans,3887620962,27.999262,True,
nab,kmeans,3896976372,28.216904,True,
nab,kmeans,3895991086,28.212204,True,
nab,lbm,199280,0.002321,False,
nab,lbm,147381,0.001816,False,
nab,lbm,143687,0.001902,False,
nab,nab,3862665678,22.328422,True,
nab,nab,3886791136,22.359392,True,
nab,nab,3890887394,22.346925,True,
nab,smithwa,9425462448,47.987149,True,
nab,smithwa,9438561819,48.073183,True,
nab,smithwa,9456679818,48.234799,True,
nab,swim,8951020201,41.426619,True,
nab,swim,8907869982,41.211514,True,
nab,swim,8895704155,41.248945,True,
smithwa,BT.C,8558962166,41.023914,True,
smithwa,BT.C,8592417910,40.9776,True,
smithwa,BT.C,8581297888,40.828847,True,
smithwa,CG.C,3020928994,14.597421,True,
smithwa,CG.C,3016336200,14.564874,True,
smithwa,CG.C,3056780044,14.964065,True,
smithwa,EP.D,20914729019,113.382408,True,
smithwa,EP.D,20719299840,111.909972,True,
smithwa,EP.D,20781727942,111.980172,True,
smithwa,FT.C,2611933566,11.07325,True,
smithwa,FT.C,2611912009,10.995341,True,
smithwa,FT.C,2625592570,11.078863,True,
smithwa,IS.D,6678961978,39.351362,True,
smithwa,IS.D,6651508257,39.272072,True,
smithwa,IS.D,6644615480,39.311819,True,
smithwa,MG.D,19973237153,85.327366,True,
smithwa,MG.D,20026068562,85.410205,True,
smithwa,MG.D,20018042851,85.350298,True,
smithwa,UA.C,7546744269,37.211547,True,
smithwa,UA.C,7582115207,37.404542,True,
smithwa,UA.C,7572398263,37.331112,True,
smithwa,backprop,4360503370,42.498612,True,
smithwa,backprop,4298200224,42.268007,True,
smithwa,backprop,4318839519,42.787675,True,
smithwa,botsalgn,5749053791,32.27552,True,
smithwa,botsalgn,5778220788,32.29282,True,
smithwa,botsalgn,5793366125,32.266265,True,
smithwa,botsspar,8106954926,54.973077,True,
smithwa,botsspar,8200019194,55.626015,True,
smithwa,botsspar,8186081689,55.556819,True,
smithwa,bwaves,6001901875,45.287181,True,
smithwa,bwaves,5970843719,45.177396,True,
smithwa,bwaves,5973536177,45.163395,True,
smithwa,fma3d,5854477022,44.109126,True,
smithwa,fma3d,5813393376,44.037212,True,
smithwa,fma3d,5821298998,44.11978,True,
smithwa,hotspot,14747956608,76.876383,True,
smithwa,hotspot,15457580629,81.426605,True,
smithwa,hotspot,14838306164,77.414381,True,
smithwa,imagick,6424448201,34.298163,True,
smithwa,imagick,6456605414,34.270697,True,
smithwa,imagick,6477674370,34.27147,True,
smithwa,kdtree,6213865494,45.544201,True,
smithwa,kdtree,6167573595,45.093083,True,
smithwa,kdtree,6134886717,45.220201,True,
smithwa,kmeans,3807785965,27.647387,True,
smithwa,kmeans,3840449421,27.876807,True,
smithwa,kmeans,3835590626,27.918323,True,
smithwa,lbm,165802,0.002331,False,
smithwa,lbm,138865,0.001976,False,
smithwa,lbm,133354,0.001923,False,
smithwa,nab,3917305682,22.647011,True,
smithwa,nab,3930759706,22.637811,True,
smithwa,nab,3947530120,22.710248,True,
smithwa,smithwa,6466566652,34.944382,True,
smithwa,smithwa,6462300996,34.899594,True,
smithwa,smithwa,6462100593,34.921941,True,
smithwa,swim,9215892880,41.946608,True,
smithwa,swim,9215633193,41.848367,True,
smithwa,swim,9175986331,41.656837,True,
swim,BT.C,9318350732,45.625961,True,
swim,BT.C,9308292771,45.7112,True,
swim,BT.C,9089494583,44.389183,True,
swim,CG.C,3017704438,14.630322,True,
swim,CG.C,2962441199,14.270935,True,
swim,CG.C,2992851625,14.511343,True,
swim,EP.D,23776656537,125.217299,True,
swim,EP.D,23763647649,125.23129,True,
swim,EP.D,23705876995,125.266293,True,
swim,FT.C,2452627180,10.658993,True,
swim,FT.C,2459742888,10.658853,True,
swim,FT.C,2462743026,10.68573,True,
swim,IS.D,6770641646,40.025298,True,
swim,IS.D,6766338950,40.069629,True,
swim,IS.D,6749398199,40.033928,True,
swim,MG.D,18832572738,84.156373,True,
swim,MG.D,18898402781,84.062849,True,
swim,MG.D,18879357060,84.028621,True,
swim,UA.C,7408464074,36.859452,True,
swim,UA.C,7444397126,37.097932,True,
swim,UA.C,7428384537,36.891919,True,
swim,backprop,4306091251,43.158677,True,
swim,backprop,4260571463,42.670852,True,
swim,backprop,4296264459,42.483189,True,
swim,botsalgn,5264957816,29.296248,True,
swim,botsalgn,5291126631,29.274047,True,
swim,botsalgn,5298362015,29.254567,True,
swim,botsspar,8141404296,55.338756,True,
swim,botsspar,8234889019,55.940956,True,
swim,botsspar,8218083176,55.912158,True,
swim,bwaves,6002836491,45.352638,True,
swim,bwaves,5982195601,45.30002,True,
swim,bwaves,5969376337,45.257872,True,
swim,fma3d,5741892565,43.475058,True,
swim,fma3d,5762830702,43.647892,True,
swim,fma3d,5796927159,43.683895,True,
swim,hotspot,8930785733,47.29863,True,
swim,hotspot,8940005775,47.14089,True,
swim,hotspot,8939269166,47.25861,True,
swim,imagick,6415026614,34.782933,True,
swim,imagick,6458149295,34.7696,True,
swim,imagick,6448301423,34.754826,True,
swim,kdtree,6194112758,45.381173,True,
swim,kdtree,6139500043,45.050623,True,
swim,kdtree,6132859218,44.90202,True,
swim,kmeans,4167559147,29.61857,True,
swim,kmeans,4096741664,29.263556,True,
swim,kmeans,4078077764,29.103083,True,
swim,lbm,141766,0.002241,False,
swim,lbm,148539,0.00239,False,
swim,lbm,142833,0.00198,False,
swim,nab,4325695101,24.999941,True,
swim,nab,4327236147,25.027737,True,
swim,nab,4327954930,24.985441,True,
swim,smithwa,6564419328,33.845706,True,
swim,smithwa,6574937331,33.864245,True,
swim,smithwa,6566892240,33.847014,True,
swim,swim,8870508609,41.313121,True,
swim,swim,8864977585,41.246846,True,
swim,swim,8913554499,41.64427,True,
